tool,tool_type,catalog_desc,tool_material,diameter,corner_radius,length,flute_length,point_angle,point_length,taper_angle,num_flutes
NXT0201_002,Milling Tool-5 Parameters,ENDMILL 6mm (R216.24-06050CBC13P 1620),"PVD (TI,AL)N",6.0,,57.0,,,,,4.0
NXT0201_004,Milling Tool-5 Parameters,ENDMILL 10mm (R216.24-10050EBC22P 1620),"PVD (TI,AL)N",10.0,,72.0,,,,,4.0
NXT0201_006,Milling Tool-5 Parameters,ENDMILL 16mm (R216.24-16050ICC32P 1620),"PVD (TI,AL)N",16.0,,92.0,,,,,4.0
NXT0201_007,Milling Tool-5 Parameters,ENDMILL 25mm (R216.25-25050GCK54P 1620),"PVD (TI,AL)N",25.0,,155.0,,,,,5.0
NXT0201_008,Milling Tool-5 Parameters,ENDMILL 6mm (2P460-0600-NA 1630),"PVD (TI,AL)N",6.0,,76.0,,,,,6.0
NXT0201_009,Milling Tool-5 Parameters,ENDMILL 8mm (2P460-0800-NA 1630),"PVD (TI,AL)N",8.0,,76.0,,,,,6.0
NXT0201_010,Milling Tool-5 Parameters,ENDMILL 10mm (2P460-1000-NA 1630),"PVD (TI,AL)N",10.0,,76.0,,,,,6.0
NXT0201_011,Milling Tool-5 Parameters,ENDMILL 12mm (2P460-1200-NA 1630),"PVD (TI,AL)N",12.0,,100.0,,,,,6.0
NXT0201_012,Milling Tool-5 Parameters,ENDMILL 16mm (2P460-1600-NA 1630),"PVD (TI,AL)N",16.0,,100.0,,,,,6.0
NXT0201_013,Milling Tool-5 Parameters,ENDMILL 10mm,HSM END MILL TIALN COATED,10.0,,40.0,,,,,4.0
NXT0301_012,Drilling Tool,Carbide Drill 4.1mm (860.1-0410-033A1-MM 2214),"PVD (TI,AL)N",4.1,0.0,102.0,58.0,140.0,0.746139,,2.0
NXT0301_020,Drilling Tool,Carbide Drill 4.9mm (860.1-0490-025A1-MM 2214),"PVD (TI,AL)N",4.9,0.0,82.0,44.0,140.0,0.891727,,2.0
NXT0301_021,Drilling Tool,Carbide Drill 5mm (860.1-0500-015A1-MM 2214),"PVD (TI,AL)N",5.0,0.0,66.0,28.0,140.0,0.909926,,2.0
NXT0301_022,Drilling Tool,Carbide Drill 5.1mm (860.1-0510-015A1-MM 2214),"PVD (TI,AL)N",5.1,0.0,66.0,28.0,140.0,0.928124,,2.0
NXT0301_023,Drilling Tool,Carbide Drill 5.2mm (860.1-0520-016A1-MM 2214),"PVD (TI,AL)N",5.2,0.0,66.0,28.0,140.0,0.946323,,2.0
NXT0301_024,Drilling Tool,Carbide Drill 5.3mm (860.1-0530-027A1-MM 2214),"PVD (TI,AL)N",5.3,0.0,82.0,44.0,140.0,0.964521,,2.0
NXT0301_026,Drilling Tool,Carbide Drill 5.5mm (860.1-0550-017A1-MM 2214),"PVD (TI,AL)N",5.5,0.0,66.0,28.0,140.0,1.00092,,2.0
NXT0301_028,Drilling Tool,Carbide Drill 5.7mm (860.1-0570-046A1-MM 2214),"PVD (TI,AL)N",5.7,0.0,107.0,70.0,140.0,1.03732,,2.0
NXT0301_029,Drilling Tool,Carbide Drill 5.8mm (860.1-0580-017A1-MM 2214),"PVD (TI,AL)N",5.8,0.0,66.0,28.0,140.0,1.05551,,2.0
NXT0301_030,Drilling Tool,Carbide Drill 5.9mm (860.1-0590-018A1-MM 2214),"PVD (TI,AL)N",5.9,0.0,66.0,28.0,140.0,1.07371,,2.0
NXT0301_031,Drilling Tool,Carbide Drill 6mm (860.1-0600-018A1-MM 2214),"PVD (TI,AL)N",6.0,0.0,66.0,28.0,140.0,1.09191,,2.0
NXT0301_032,Drilling Tool,Carbide Drill 6.1mm (860.1-0610-031A1-MM 2214),"PVD (TI,AL)N",6.1,0.0,91.0,53.0,140.0,1.11011,,2.0
NXT0301_033,Drilling Tool,Carbide Drill 6.2mm (860.1-0620-031A1-MM 2214),"PVD (TI,AL)N",6.2,0.0,91.0,53.0,140.0,1.12831,,2.0
NXT0301_035,Drilling Tool,Carbide Drill 6.4mm (860.1-0640-032A1-MM 2214),"PVD (TI,AL)N",6.4,0.0,91.0,53.0,140.0,1.1647,,2.0
NXT0301_036,Drilling Tool,Carbide Drill 6.5mm (860.1-0650-033A1-MM 2214),"PVD (TI,AL)N",6.5,0.0,91.0,53.0,140.0,1.1829,,2.0
NXT0301_037,Drilling Tool,Carbide Drill 6.6mm (860.1-0660-033A1-MM 2214),"PVD (TI,AL)N",6.6,0.0,91.0,53.0,140.0,1.2011,,2.0
NXT0301_038,Drilling Tool,Carbide Drill 6.7mm (860.1-0670-034A1-MM 2214),"PVD (TI,AL)N",6.7,0.0,91.0,53.0,140.0,1.2193,,2.0
NXT0301_039,Drilling Tool,Carbide Drill 6.8mm (860.1-0680-034A1-MM 2214),"PVD (TI,AL)N",6.8,0.0,91.0,53.0,140.0,1.2375,,2.0
NXT0301_040,Drilling Tool,Carbide Drill 6.9mm (860.1-0690-035A1-MM 2214),"PVD (TI,AL)N",6.9,0.0,91.0,53.0,140.0,1.2557,,2.0
NXT0301_041,Drilling Tool,Carbide Drill 7mm (860.1-0700-035A1-MM 2214),"PVD (TI,AL)N",7.0,0.0,91.0,53.0,140.0,1.2739,,2.0
NXT0301_042,Drilling Tool,Carbide Drill 7.1mm (860.1-0710-057A1-MM 2214),"PVD (TI,AL)N",7.1,0.0,124.0,85.0,140.0,1.29209,,2.0
NXT0301_045,Drilling Tool,Carbide Drill 7.4mm (860.1-0740-022A1-MM 2214),"PVD (TI,AL)N",7.4,0.0,79.0,41.0,140.0,1.34669,,2.0
NXT0301_046,Drilling Tool,Carbide Drill 7.5mm (860.1-0750-038A1-MM 2214),"PVD (TI,AL)N",7.5,0.0,91.0,53.0,140.0,1.36489,,2.0
NXT0301_049,Drilling Tool,Carbide Drill 7.8mm (860.1-0780-039A1-MM 2214),"PVD (TI,AL)N",7.8,0.0,91.0,53.0,140.0,1.41948,,2.0
NXT0301_051,Drilling Tool,Carbide Drill 8mm (860.1-0800-040A1-MM 2214),"PVD (TI,AL)N",8.0,0.0,91.0,53.0,140.0,1.45588,,2.0
NXT0301_052,Drilling Tool,Carbide Drill 8.1mm (860.1-0810-024A1-MM 2214),"PVD (TI,AL)N",8.1,0.0,89.0,47.0,140.0,1.47408,,2.0
NXT0301_053,Drilling Tool,Carbide Drill 8.2mm (860.1-0820-025A1-MM 2214),"PVD (TI,AL)N",8.2,0.0,89.0,47.0,140.0,1.49228,,2.0
NXT0301_055,Drilling Tool,Carbide Drill 8.4mm (860.1-0840-042A1-MM 2214),"PVD (TI,AL)N",8.4,0.0,103.0,61.0,140.0,1.52867,,2.0
NXT0301_056,Drilling Tool,Carbide Drill 8.5mm (860.1-0850-026A1-MM 2214),"PVD (TI,AL)N",8.5,0.0,89.0,47.0,140.0,1.54687,,2.0
NXT0301_057,Drilling Tool,Carbide Drill 8.6mm (860.1-0860-026A1-MM 2214),"PVD (TI,AL)N",8.6,0.0,89.0,47.0,140.0,1.56507,,2.0
NXT0301_058,Drilling Tool,Carbide Drill 8.7mm (860.1-0870-026A1-MM 2214),"PVD (TI,AL)N",8.7,0.0,89.0,47.0,140.0,1.58327,,2.0
NXT0301_059,Drilling Tool,Carbide Drill 8.8mm (860.1-0880-026A1-MM 2214),"PVD (TI,AL)N",8.8,0.0,89.0,47.0,140.0,1.60147,,2.0
NXT0301_061,Drilling Tool,Carbide Drill 9mm (860.1-0900-027A1-MM 2214),"PVD (TI,AL)N",9.0,0.0,89.0,47.0,140.0,1.63787,,2.0
NXT0301_062,Drilling Tool,Carbide Drill 9.1mm (860.1-0910-027A1-MM 2214),"PVD (TI,AL)N",9.1,0.0,89.0,47.0,140.0,1.65606,,2.0
NXT0301_064,Drilling Tool,Carbide Drill 9.3mm (860.1-0930-028A1-MM 2214),"PVD (TI,AL)N",9.3,0.0,89.0,47.0,140.0,1.69246,,2.0
NXT0301_065,Drilling Tool,Carbide Drill 9.4mm (860.1-0940-075A1-MM 2214),"PVD (TI,AL)N",9.4,0.0,139.0,98.0,140.0,1.71066,,2.0
NXT0301_066,Drilling Tool,Carbide Drill 9.5mm (860.1-0950-029A1-MM 2214),"PVD (TI,AL)N",9.5,0.0,89.0,47.0,140.0,1.72886,,2.0
NXT0301_067,Drilling Tool,Carbide Drill 9.6mm (860.1-0960-029A1-MM 2214),"PVD (TI,AL)N",9.6,0.0,89.0,47.0,140.0,1.74706,,2.0
NXT0301_069,Drilling Tool,Carbide Drill 9.8mm (860.1-0980-029A1-MM 2214),"PVD (TI,AL)N",9.8,0.0,89.0,47.0,140.0,1.78345,,2.0
NXT0301_071,Drilling Tool,Carbide Drill 10mm (860.1-1000-030A1-MM 2214),"PVD (TI,AL)N",10.0,0.0,89.0,47.0,140.0,1.81985,,2.0
NXT0301_072,Drilling Tool,Carbide Drill 10.1mm (860.1-1010-051A1-MM 2214),"PVD (TI,AL)N",10.1,0.0,118.0,71.0,140.0,1.83805,,2.0
NXT0301_073,Drilling Tool,Carbide Drill 10.2mm (860.1-1020-031A1-MM 2214),"PVD (TI,AL)N",10.2,0.0,102.0,55.0,140.0,1.85625,,2.0
NXT0301_074,Drilling Tool,Carbide Drill 10.3mm (860.1-1030-031A1-MM 2214),"PVD (TI,AL)N",10.3,0.0,102.0,55.0,140.0,1.87445,,2.0
NXT0301_076,Drilling Tool,Carbide Drill 10.5mm (860.1-1050-032A1-MM 2214),"PVD (TI,AL)N",10.5,0.0,102.0,55.0,140.0,1.91084,,2.0
NXT0301_077,Drilling Tool,Carbide Drill 10.6mm (860.1-1060-053A1-MM 2214),"PVD (TI,AL)N",10.6,0.0,118.0,71.0,140.0,1.92904,,2.0
NXT0301_079,Drilling Tool,Carbide Drill 10.8mm (860.1-1080-032A1-MM 2214),"PVD (TI,AL)N",10.8,0.0,102.0,55.0,140.0,1.96544,,2.0
NXT0301_081,Drilling Tool,Carbide Drill 11mm (860.1-1100-033A1-MM 2214),"PVD (TI,AL)N",11.0,0.0,102.0,55.0,140.0,2.00184,,2.0
NXT0301_082,Drilling Tool,Carbide Drill 11.1mm (860.1-1110-033A1-MM 2214),"PVD (TI,AL)N",11.1,0.0,102.0,55.0,140.0,2.02003,,2.0
NXT0301_083,Drilling Tool,Carbide Drill 11.2mm (860.1-1120-056A1-MM 2214),"PVD (TI,AL)N",11.2,0.0,118.0,72.0,140.0,2.03823,,2.0
NXT0301_084,Drilling Tool,Carbide Drill 11.3mm (860.1-1130-034A1-MM 2214),"PVD (TI,AL)N",11.3,0.0,102.0,55.0,140.0,2.05643,,2.0
NXT0301_086,Drilling Tool,Carbide Drill 11.5mm (860.1-1150-035A1-MM 2214),"PVD (TI,AL)N",11.5,0.0,102.0,55.0,140.0,2.09283,,2.0
NXT0301_087,Drilling Tool,Carbide Drill 11.6mm (860.1-1160-058A1-MM 2214),"PVD (TI,AL)N",11.6,0.0,118.0,72.0,140.0,2.11103,,2.0
NXT0301_088,Drilling Tool,Carbide Drill 11.7mm (860.1-1170-035A1-MM 2214),"PVD (TI,AL)N",11.7,0.0,102.0,55.0,140.0,2.12923,,2.0
NXT0301_089,Drilling Tool,Carbide Drill 11.8mm (860.1-1180-035A1-MM 2214),"PVD (TI,AL)N",11.8,0.0,102.0,55.0,140.0,2.14742,,2.0
NXT0301_091,Drilling Tool,Carbide Drill 12mm (860.1-1200-036A1-MM 2214),"PVD (TI,AL)N",12.0,0.0,102.0,55.0,140.0,2.18382,,2.0
NXT0301_092,Drilling Tool,Carbide Drill 12.1mm (860.1-1210-061A1-MM 2214),"PVD (TI,AL)N",12.1,0.0,124.0,77.0,140.0,2.20202,,2.0
NXT0301_093,Drilling Tool,Carbide Drill 12.2mm (860.1-1220-037A1-MM 2214),"PVD (TI,AL)N",12.2,0.0,107.0,60.0,140.0,2.22022,,2.0
NXT0301_096,Drilling Tool,Carbide Drill 12.5mm (860.1-1250-063A1-MM 2214),"PVD (TI,AL)N",12.5,0.0,124.0,77.0,140.0,2.27481,,2.0
NXT0301_097,Drilling Tool,Carbide Drill 12.6mm (860.1-1260-063A1-MM 2214),"PVD (TI,AL)N",12.6,0.0,124.0,77.0,140.0,2.29301,,2.0
NXT0301_098,Drilling Tool,Carbide Drill 12.7mm (860.1-1270-038A1-MM 2214),"PVD (TI,AL)N",12.7,0.0,107.0,60.0,140.0,2.31121,,2.0
NXT0301_099,Drilling Tool,Carbide Drill 12.8mm (860.1-1280-038A1-MM 2214),"PVD (TI,AL)N",12.8,0.0,107.0,60.0,140.0,2.32941,,2.0
NXT0301_101,Drilling Tool,Carbide Drill 13mm (860.1-1300-104A1-MM 2214),"PVD (TI,AL)N",13.0,0.0,170.0,123.0,140.0,2.36581,,2.0
NXT0301_102,Drilling Tool,Carbide Drill 13.5mm (860.1-1350-108A1-MM 2214),"PVD (TI,AL)N",13.5,0.0,170.0,123.0,140.0,2.4568,,2.0
NXT0301_103,Drilling Tool,Carbide Drill 13.8mm (860.1-1380-062A1-MM 2214),"PVD (TI,AL)N",13.8,0.0,124.0,77.0,140.0,2.51139,,2.0
NXT0301_104,Drilling Tool,Carbide Drill 14mm (860.1-1400-112A1-MM 2214),"PVD (TI,AL)N",14.0,0.0,170.0,123.0,140.0,2.54779,,2.0
NXT0301_105,Drilling Tool,Carbide Drill 14.25mm (860.1-1425-071A1-MM 2214),"PVD (TI,AL)N",14.25,0.0,133.0,83.0,140.0,2.59329,,2.0
NXT0301_106,Drilling Tool,Carbide Drill 14.5mm (860.1-1450-073A1-MM 2214),"PVD (TI,AL)N",14.5,0.0,133.0,83.0,140.0,2.63878,,2.0
NXT0301_111,Drilling Tool,Carbide Drill 16.1mm (860.1-1610-050A1-PM 4234),"PVD (TI,AL)N",16.1,0.0,123.0,73.0,147.0,2.38452,,2.0
NXT0301_125,Drilling Tool,Carbide Drill 6mm (861.1-0600-018A1-GP GC34),"PVD (TI,AL)N",6.0,0.0,65.3,18.7,150.0,0.803848,,2.0
NXT0301_126,Drilling Tool,Carbide Drill 8mm (861.1-0800-024A1-GP GC34),"PVD (TI,AL)N",8.0,0.0,78.0,25.0,150.0,1.0718,,2.0
NXT0301_127,Drilling Tool,Carbide Drill 10mm (861.1-1000-030A1-GP GC34),"PVD (TI,AL)N",10.0,0.0,87.8,31.2,150.0,1.33975,,2.0
NXT0301_128,Drilling Tool,Carbide Drill 12mm (861.1-1200-036A1-GP GC34),"PVD (TI,AL)N",12.0,0.0,100.6,37.4,150.0,1.6077,,2.0
NXT0302_001,Drilling Tool,Index. Insert Drill 15mm (880-D1500L20-05),"PVD (TI,AL)N",15.0,0.0,142.0,75.0,176.0,0.261906,,2.0
NXT0302_002,Drilling Tool,Index. Insert Drill 15.5mm (880-D1550L20-05),"PVD (TI,AL)N",15.5,0.0,145.0,78.0,176.0,0.270636,,2.0
NXT0302_003,Drilling Tool,Index. Insert Drill 16mm (880-D1600L20-05),"PVD (TI,AL)N",16.0,0.0,148.0,80.0,176.0,0.279366,,2.0
NXT0302_004,Drilling Tool,Index. Insert Drill 16.5mm (880-D1650L20-05),"PVD (TI,AL)N",16.5,0.0,151.0,83.0,176.0,0.288096,,2.0
NXT0302_005,Drilling Tool,Index. Insert Drill 17mm (880-D1700L20-05),"PVD (TI,AL)N",17.0,0.0,153.0,85.0,176.0,0.296827,,2.0
NXT0302_006,Drilling Tool,Index. Insert Drill 17.5mm (880-D1750L25-05),"PVD (TI,AL)N",17.5,0.0,163.0,88.0,176.0,0.305557,,2.0
NXT0302_007,Drilling Tool,Index. Insert Drill 18mm (880-D1800L25-05),"PVD (TI,AL)N",18.0,0.0,165.0,90.0,176.0,0.314287,,2.0
NXT0302_008,Drilling Tool,Index. Insert Drill 18.5mm (880-D1850L25-05),"PVD (TI,AL)N",18.5,0.0,168.0,93.0,176.0,0.323017,,2.0
NXT0302_009,Drilling Tool,Index. Insert Drill 19mm (880-D1900L25-05),"PVD (TI,AL)N",19.0,0.0,170.0,95.0,176.0,0.331747,,2.0
NXT0302_010,Drilling Tool,Index. Insert Drill 19.5mm (880-D1950L25-05),"PVD (TI,AL)N",19.5,0.0,174.0,98.0,176.0,0.340478,,2.0
NXT0302_011,Drilling Tool,Index. Insert Drill 20mm (880-D2000L25-05),"PVD (TI,AL)N",20.0,0.0,177.0,100.0,176.0,0.349208,,2.0
NXT0302_012,Drilling Tool,Index. Insert Drill 20.5mm (880-D2050L25-03),"PVD (TI,AL)N",20.5,0.0,138.0,62.0,176.0,0.357938,,2.0
NXT0302_013,Drilling Tool,Index. Insert Drill 21mm (880-D2100L25-05),"PVD (TI,AL)N",21.0,0.0,182.0,105.0,176.0,0.366668,,2.0
NXT0302_014,Drilling Tool,Index. Insert Drill 21.5mm (880-D2150L25-03),"PVD (TI,AL)N",21.5,0.0,142.0,65.0,176.0,0.375398,,2.0
NXT0302_015,Drilling Tool,Index. Insert Drill 22mm (880-D2200L25-03),"PVD (TI,AL)N",22.0,0.0,143.0,66.0,176.0,0.384128,,2.0
NXT0302_016,Drilling Tool,Index. Insert Drill 22.5mm (880-D2250L25-03),"PVD (TI,AL)N",22.5,0.0,146.0,68.0,176.0,0.392859,,2.0
NXT0302_017,Drilling Tool,Index. Insert Drill 23mm (880-D2300L25-05),"PVD (TI,AL)N",23.0,0.0,194.0,115.0,176.0,0.401589,,2.0
NXT0302_018,Drilling Tool,Index. Insert Drill 23.5mm (880-D2350L25-03),"PVD (TI,AL)N",23.5,0.0,149.0,71.0,176.0,0.410319,,2.0
NXT0302_019,Drilling Tool,Index. Insert Drill 24mm (880-D2400L25-05),"PVD (TI,AL)N",24.0,0.0,199.0,120.0,176.0,0.419049,,2.0
NXT0302_020,Drilling Tool,Index. Insert Drill 24.5mm (880-D2450L25-03),"PVD (TI,AL)N",24.5,0.0,153.0,74.0,176.0,0.427779,,2.0
NXT0302_021,Drilling Tool,Index. Insert Drill 25mm (880-D2500L25-05),"PVD (TI,AL)N",25.0,0.0,205.0,125.0,176.0,0.43651,,2.0
NXT0302_022,Drilling Tool,Index. Insert Drill 25.5mm (880-D2550L25-03),"PVD (TI,AL)N",25.5,0.0,156.0,77.0,176.0,0.44524,,2.0
NXT0302_023,Drilling Tool,Index. Insert Drill 26mm (880-D2600L32-05),"PVD (TI,AL)N",26.0,0.0,214.0,130.0,176.0,0.45397,,2.0
NXT0302_024,Drilling Tool,Index. Insert Drill 26.5mm (880-D2650L32-03),"PVD (TI,AL)N",26.5,0.0,164.0,80.0,176.0,0.4627,,2.0
NXT0302_025,Drilling Tool,Index. Insert Drill 27mm (880-D2700L32-05),"PVD (TI,AL)N",27.0,0.0,219.0,135.0,176.0,0.47143,,2.0
NXT0302_026,Drilling Tool,Index. Insert Drill 27.5mm (880-D2750L32-03),"PVD (TI,AL)N",27.5,0.0,168.0,83.0,176.0,0.480161,,2.0
NXT0302_027,Drilling Tool,Index. Insert Drill 28mm (880-D2800L32-05),"PVD (TI,AL)N",28.0,0.0,225.0,140.0,176.0,0.488891,,2.0
NXT0302_028,Drilling Tool,Index. Insert Drill 28.5mm (880-D2850L32-03),"PVD (TI,AL)N",28.5,0.0,171.0,86.0,176.0,0.497621,,2.0
NXT0302_029,Drilling Tool,Index. Insert Drill 29mm (880-D2900L32-05),"PVD (TI,AL)N",29.0,0.0,231.0,145.0,176.0,0.506351,,2.0
NXT0302_030,Drilling Tool,Index. Insert Drill 29.5mm (880-D2950L32-03),"PVD (TI,AL)N",29.5,0.0,175.0,89.0,176.0,0.515081,,2.0
NXT0302_031,Drilling Tool,Index. Insert Drill 30mm (880-D3000L32-05),"PVD (TI,AL)N",30.0,0.0,237.0,150.0,176.0,0.523812,,2.0
NXT0302_035,Drilling Tool,Index. Insert Drill 40mm (880-D4000L40-05),"PVD (TI,AL)N",40.0,0.0,304.0,200.0,176.0,0.698415,,2.0
NXT0302_036,Drilling Tool,Index. Insert Drill 42mm (880-D4200L50-05),"PVD (TI,AL)N",42.0,0.0,325.0,210.0,176.0,0.733336,,2.0
NXT0302_038,Drilling Tool,Index. Insert Drill 50mm (880-D5000L50-04),"PVD (TI,AL)N",50.0,0.0,320.0,200.0,176.0,0.873019,,2.0
NXT0321_9005460120000,Spot Drill,"NC Spot Drill, 142deg, 12mm, Carbide, Uncoated","PVD (TI,AL)N",12.0,0.0,102.0,30.0,142.0,2.06597,,2.0
NXT0321_9005560120000,Spot Drill,"NC Spot Drill, 120deg, 12mm, HSS, Uncoated","PVD (TI,AL)N",12.0,0.0,102.0,30.0,120.0,3.4641,,2.0
NXT0332_001,Boring Tool,Bore 23mm (825-23TC06-A18),"PVD (TI,AL)N",23.0,0.0,128.0,,,,,
NXT0332_004,Boring Tool,Bore 30mm (825-36TC06-A25),"PVD (TI,AL)N",30.0,0.0,158.0,,,,,
NXT0332_005,Boring Tool,Bore 24mm (825-29TC06-A20),"PVD (TI,AL)N",24.0,0.0,132.0,,,,,
UGT0201_004,Milling Tool-5 Parameters,End Mill 32 mm,"PVD (TI,AL)N",32.0,,83.0,,,,,6.0
UGT0201_005,Milling Tool-5 Parameters,End Mill 50 mm,"PVD (TI,AL)N",50.0,,181.6,,,,,8.0
UGT0201_006,Milling Tool-5 Parameters,End Mill 28 mm,"PVD (TI,AL)N",28.0,,46.23,,,,,2.0
UGT0201_007,Milling Tool-5 Parameters,End Mill 8 mm,"PVD (TI,AL)N",8.0,,27.0,,,,,4.0
UGT0201_008,Milling Tool-5 Parameters,End Mill 16 mm,"PVD (TI,AL)N",16.0,,38.0,,,,,4.0
UGT0201_009,Milling Tool-5 Parameters,End Mill 45 mm,"PVD (TI,AL)N",45.0,,93.0,,,,,6.0
UGT0201_010,Milling Tool-5 Parameters,End Mill 16 mm,"PVD (TI,AL)N",16.0,,26.0,,,,,2.0
UGT0201_014,Milling Tool-5 Parameters,End mill 6 mm,"PVD (TI,AL)N",6.0,,39.0,,,,,4.0
UGT0201_015,Milling Tool-5 Parameters,End mill 10 mm,"PVD (TI,AL)N",10.0,,23.0,,,,,4.0
UGT0201_018,Milling Tool-5 Parameters,End mill 30 mm,"PVD (TI,AL)N",30.0,,126.0,,,,,4.0
UGT0201_019,Milling Tool-5 Parameters,End mill 40 mm,"PVD (TI,AL)N",40.0,,83.0,,,,,6.0
UGT0201_020,Milling Tool-5 Parameters,End mill 50 mm,"PVD (TI,AL)N",50.0,,140.0,,,,,4.0
UGT0201_021,Milling Tool-5 Parameters,End Mill 50 mm R6,"PVD (TI,AL)N",50.0,,140.0,,,,,4.0
UGT0201_084,Milling Tool-5 Parameters,End mill 6 mm,"PVD (TI,AL)N",6.0,,40.0,,,,,4.0
UGT0201_086,Milling Tool-5 Parameters,End Mill 8 mm,"PVD (TI,AL)N",8.0,,27.0,,,,,4.0
UGT0201_089,Milling Tool-5 Parameters,End mill 10 mm,"PVD (TI,AL)N",10.0,,30.0,,,,,4.0
UGT0201_092,Milling Tool-5 Parameters,End mill 12 mm,"PVD (TI,AL)N",12.0,,34.0,,,,,4.0
UGT0201_094,Milling Tool-5 Parameters,End mill 20 mm,"PVD (TI,AL)N",20.0,,45.0,,,,,4.0
UGT0201_095,Milling Tool-5 Parameters,End mill 20 mm,"PVD (TI,AL)N",20.0,,45.0,,,,,4.0
UGT0201_099,Milling Tool-5 Parameters,End Mill 5 mm,"PVD (TI,AL)N",5.0,,21.0,,,,,4.0
UGT0201_100,Milling Tool-5 Parameters,End Mill 18 mm,"PVD (TI,AL)N",18.0,,32.0,,,,,2.0
UGT0201_101,Milling Tool-5 Parameters,End Mill 10 mm,"PVD (TI,AL)N",10.0,,20.0,,,,,2.0
UGT0201_102,Milling Tool-5 Parameters,End Mill 12 mm,"PVD (TI,AL)N",12.0,,25.0,,,,,2.0
UGT0201_103,Milling Tool-5 Parameters,End Mill 14 mm,"PVD (TI,AL)N",14.0,,25.0,,,,,2.0
UGT0201_104,Milling Tool-5 Parameters,End Mill 20 mm,"PVD (TI,AL)N",20.0,,36.0,,,,,2.0
UGT0201_105,Milling Tool-5 Parameters,End Mill 22 mm,"PVD (TI,AL)N",22.0,,40.0,,,,,2.0
UGT0201_106,Milling Tool-5 Parameters,End Mill 24 mm,"PVD (TI,AL)N",24.0,,45.0,,,,,2.0
UGT0201_107,Milling Tool-5 Parameters,End Mill 25 mm,"PVD (TI,AL)N",25.0,,45.0,,,,,2.0
UGT0201_108,Milling Tool-5 Parameters,End Mill 12.7 mm,"PVD (TI,AL)N",12.7,,25.01,,,,,2.0
UGT0201_109,Milling Tool-5 Parameters,End Mill 25.4 mm,"PVD (TI,AL)N",25.4,,45.0,,,,,2.0
UGT0201_118,Milling Tool-5 Parameters,Carbide End Mill 3.0,"PVD (TI,AL)N",3.0,,40.0,,,,,4.0
UGT0201_120,Milling Tool-5 Parameters,Carbide End Mill 4.0,"PVD (TI,AL)N",4.0,,50.0,,,,,4.0
UGT0201_122,Milling Tool-5 Parameters,Carbide End Mill 5.0,"PVD (TI,AL)N",5.0,,50.0,,,,,4.0
UGT0201_123,Milling Tool-5 Parameters,Carbide End Mill 5.9,"PVD (TI,AL)N",5.9,,50.0,,,,,4.0
UGT0201_124,Milling Tool-5 Parameters,Carbide End Mill 6.0,"PVD (TI,AL)N",6.0,,50.0,,,,,4.0
UGT0201_125,Milling Tool-5 Parameters,Carbide End Mill 7.9,"PVD (TI,AL)N",7.9,,60.0,,,,,4.0
UGT0201_126,Milling Tool-5 Parameters,Carbide End Mill 8.0,"PVD (TI,AL)N",8.0,,60.0,,,,,4.0
UGT0201_127,Milling Tool-5 Parameters,Carbide End Mill 9.9,"PVD (TI,AL)N",9.9,,60.0,,,,,4.0
UGT0201_128,Milling Tool-5 Parameters,Carbide End Mill 10.0,"PVD (TI,AL)N",10.0,,60.0,,,,,4.0
UGT0201_129,Milling Tool-5 Parameters,Carbide End Mill 11.9,"PVD (TI,AL)N",11.9,,80.0,,,,,4.0
UGT0201_130,Milling Tool-5 Parameters,Carbide End Mill 12.0,"PVD (TI,AL)N",12.0,,80.0,,,,,4.0
UGT0201_131,Milling Tool-5 Parameters,Carbide End Mill 13.9,"PVD (TI,AL)N",13.9,,80.0,,,,,4.0
UGT0201_132,Milling Tool-5 Parameters,Carbide End Mill 14.0,"PVD (TI,AL)N",14.0,,80.0,,,,,4.0
UGT0201_133,Milling Tool-5 Parameters,Carbide End Mill 15.0,"PVD (TI,AL)N",15.0,,80.0,,,,,4.0
UGT0201_134,Milling Tool-5 Parameters,Carbide End Mill 15.9,"PVD (TI,AL)N",15.9,,80.0,,,,,4.0
UGT0201_135,Milling Tool-5 Parameters,Carbide End Mill 19.9,"PVD (TI,AL)N",19.9,,80.0,,,,,4.0
UGT0201_136,Milling Tool-5 Parameters,Carbide End Mill 20.0,"PVD (TI,AL)N",20.0,,80.0,,,,,4.0
UGT0205_001,Chamfer Mill,Chamfer Mill 20 x 3 x 45 deg.,,20.0,,75.0,,,,,2.0
UGT0301_001,Drilling Tool,Twist Drill 32.5 mm,"PVD (TI,AL)N",32.5,0.0,218.82,185.0,118.0,9.76398,,2.0
UGT0301_006,Drilling Tool,Twist Drill 16 mm,"PVD (TI,AL)N",16.0,0.0,143.0,120.0,118.0,4.80689,,2.0
UGT0301_007,Drilling Tool,Twist Drill 20 mm,"PVD (TI,AL)N",20.0,0.0,163.0,140.0,118.0,6.00861,,2.0
UGT0301_025,Drilling Tool,Twist Drill 6 mm,"PVD (TI,AL)N",6.0,0.0,59.0,57.0,118.0,1.80258,,2.0
UGT0301_026,Drilling Tool,Twist Drill 7.5 mm,"PVD (TI,AL)N",7.5,0.0,71.0,69.0,118.0,2.25323,,2.0
UGT0301_028,Drilling Tool,Twist Drill 8 mm,"PVD (TI,AL)N",8.0,0.0,78.0,76.0,118.0,2.40344,,2.0
UGT0301_032,Drilling Tool,Twist Drill 10 mm,"PVD (TI,AL)N",10.0,0.0,89.0,87.0,118.0,3.0043,,2.0
UGT0301_041,Drilling Tool,Twist Drill 15 mm,"PVD (TI,AL)N",15.0,0.0,137.0,114.0,118.0,4.50645,,2.0
UGT0301_044,Drilling Tool,Twist Drill 17 mm,"PVD (TI,AL)N",17.0,0.0,148.0,125.0,118.0,5.10731,,2.0
UGT0301_046,Drilling Tool,Twist Drill 18 mm,"PVD (TI,AL)N",18.0,0.0,153.0,130.0,118.0,5.40775,,2.0
UGT0301_048,Drilling Tool,Twist Drill 19 mm,"PVD (TI,AL)N",19.0,0.0,158.0,135.0,118.0,5.70818,,2.0
UGT0301_050,Drilling Tool,Twist Drill 20.5 mm,"PVD (TI,AL)N",20.5,0.0,168.0,145.0,118.0,6.15882,,2.0
UGT0301_051,Drilling Tool,Twist Drill 21 mm,"PVD (TI,AL)N",21.0,0.0,168.0,145.0,118.0,6.30904,,2.0
UGT0301_052,Drilling Tool,Twist Drill 21.5 mm,"PVD (TI,AL)N",21.5,0.0,173.0,150.0,118.0,6.45925,,2.0
UGT0301_053,Drilling Tool,Twist Drill 22 mm,"PVD (TI,AL)N",22.0,0.0,173.0,150.0,118.0,6.60947,,2.0
UGT0301_054,Drilling Tool,Twist Drill 22.5 mm,"PVD (TI,AL)N",22.5,0.0,178.0,155.0,118.0,6.75968,,2.0
UGT0301_055,Drilling Tool,Twist Drill 23 mm,"PVD (TI,AL)N",23.0,0.0,178.0,155.0,118.0,6.9099,,2.0
UGT0301_056,Drilling Tool,Twist Drill 23.5 mm,"PVD (TI,AL)N",23.5,0.0,182.0,155.0,118.0,7.06011,,2.0
UGT0301_057,Drilling Tool,Twist Drill 24 mm,"PVD (TI,AL)N",24.0,0.0,187.0,160.0,118.0,7.21033,,2.0
UGT0301_058,Drilling Tool,Twist Drill 24.5 mm,"PVD (TI,AL)N",24.5,0.0,187.0,160.0,118.0,7.36054,,2.0
UGT0301_059,Drilling Tool,Twist Drill 25 mm,"PVD (TI,AL)N",25.0,0.0,187.0,160.0,118.0,7.51076,,2.0
UGT0301_175,Drilling Tool,Twist Drill 5.1 mm,"PVD (TI,AL)N",5.1,0.0,50.467,50.0,118.0,1.53219,,2.0
UGT0301_176,Drilling Tool,Twist Drill 5.2 mm,"PVD (TI,AL)N",5.2,0.0,50.437,50.0,118.0,1.56224,,2.0
UGT0301_177,Drilling Tool,Twist Drill 5.3 mm,"PVD (TI,AL)N",5.3,0.0,50.407,50.0,118.0,1.59228,,2.0
UGT0301_178,Drilling Tool,Twist Drill 5.4 mm,"PVD (TI,AL)N",5.4,0.0,55.377,55.0,118.0,1.62232,,2.0
UGT0301_179,Drilling Tool,Twist Drill 5.6 mm,"PVD (TI,AL)N",5.6,0.0,55.317,55.0,118.0,1.68241,,2.0
UGT0301_180,Drilling Tool,Twist Drill 5.7 mm,"PVD (TI,AL)N",5.7,0.0,55.73,55.0,118.0,1.71245,,2.0
UGT0301_181,Drilling Tool,Twist Drill 5.8 mm,"PVD (TI,AL)N",5.8,0.0,55.257,55.0,118.0,1.7425,,2.0
UGT0301_182,Drilling Tool,Twist Drill 5.9 mm,"PVD (TI,AL)N",5.9,0.0,55.671,55.0,118.0,1.77254,,2.0
UGT0301_183,Drilling Tool,Twist Drill 6.1 mm,"PVD (TI,AL)N",6.1,0.0,61.568,61.0,118.0,1.83262,,2.0
UGT0301_184,Drilling Tool,Twist Drill 6.2 mm,"PVD (TI,AL)N",6.2,0.0,61.137,61.0,118.0,1.86267,,2.0
UGT0301_185,Drilling Tool,Twist Drill 6.3 mm,"PVD (TI,AL)N",6.3,0.0,61.508,61.0,118.0,1.89271,,2.0
UGT0301_186,Drilling Tool,Twist Drill 6.4 mm,"PVD (TI,AL)N",6.4,0.0,61.478,61.0,118.0,1.92275,,2.0
UGT0301_187,Drilling Tool,Twist Drill 6.6 mm,"PVD (TI,AL)N",6.6,0.0,61.017,61.0,118.0,1.98284,,2.0
UGT0301_188,Drilling Tool,Twist Drill 6.7 mm,"PVD (TI,AL)N",6.7,0.0,61.3,61.0,118.0,2.01288,,2.0
UGT0301_189,Drilling Tool,Twist Drill 6.8 mm,"PVD (TI,AL)N",6.8,0.0,66.957,66.0,118.0,2.04293,,2.0
UGT0301_190,Drilling Tool,Twist Drill 6.9 mm,"PVD (TI,AL)N",6.9,0.0,66.927,66.0,118.0,2.07297,,2.0
UGT0301_191,Drilling Tool,Twist Drill 7.1 mm,"PVD (TI,AL)N",7.1,0.0,66.866,66.0,118.0,2.13306,,2.0
UGT0301_192,Drilling Tool,Twist Drill 7.2 mm,"PVD (TI,AL)N",7.2,0.0,66.836,66.0,118.0,2.1631,,2.0
UGT0301_193,Drilling Tool,Twist Drill 7.3 mm,"PVD (TI,AL)N",7.3,0.0,66.806,66.0,118.0,2.19314,,2.0
UGT0301_194,Drilling Tool,Twist Drill 7.4 mm,"PVD (TI,AL)N",7.4,0.0,66.77,66.0,118.0,2.22318,,2.0
UGT0301_195,Drilling Tool,Twist Drill 7.6 mm,"PVD (TI,AL)N",7.6,0.0,73.71,73.0,118.0,2.28327,,2.0
UGT0301_196,Drilling Tool,Twist Drill 7.7 mm,"PVD (TI,AL)N",7.7,0.0,73.68,73.0,118.0,2.31331,,2.0
UGT0301_197,Drilling Tool,Twist Drill 7.8 mm,"PVD (TI,AL)N",7.8,0.0,73.65,73.0,118.0,2.34336,,2.0
UGT0301_198,Drilling Tool,Twist Drill 7.9 mm,"PVD (TI,AL)N",7.9,0.0,73.62,73.0,118.0,2.3734,,2.0
UGT0301_199,Drilling Tool,Twist Drill 8.2 mm,"PVD (TI,AL)N",8.2,0.0,72.53,72.0,118.0,2.46353,,2.0
UGT0301_200,Drilling Tool,Twist Drill 8.3 mm,"PVD (TI,AL)N",8.3,0.0,72.506,72.0,118.0,2.49357,,2.0
UGT0301_201,Drilling Tool,Twist Drill 8.4 mm,"PVD (TI,AL)N",8.4,0.0,72.47,72.0,118.0,2.52361,,2.0
UGT0301_202,Drilling Tool,Twist Drill 8.6 mm,"PVD (TI,AL)N",8.6,0.0,80.186,80.0,118.0,2.5837,,2.0
UGT0301_203,Drilling Tool,Twist Drill 8.7 mm,"PVD (TI,AL)N",8.7,0.0,80.157,80.0,118.0,2.61374,,2.0
UGT0301_204,Drilling Tool,Twist Drill 8.8 mm,"PVD (TI,AL)N",8.8,0.0,80.128,80.0,118.0,2.64379,,2.0
UGT0301_205,Drilling Tool,Twist Drill 8.9 mm,"PVD (TI,AL)N",8.9,0.0,78.326,78.0,118.0,2.67383,,2.0
UGT0301_206,Drilling Tool,Twist Drill 9.1 mm,"PVD (TI,AL)N",9.1,0.0,78.266,78.0,118.0,2.73392,,2.0
UGT0301_207,Drilling Tool,Twist Drill 9.2 mm,"PVD (TI,AL)N",9.2,0.0,80.01,80.0,118.0,2.76396,,2.0
UGT0301_208,Drilling Tool,Twist Drill 9.3 mm,"PVD (TI,AL)N",9.3,0.0,78.205,78.0,118.0,2.794,,2.0
UGT0301_209,Drilling Tool,Twist Drill 9.4 mm,"PVD (TI,AL)N",9.4,0.0,78.175,78.0,118.0,2.82404,,2.0
UGT0301_210,Drilling Tool,Twist Drill 9.6 mm,"PVD (TI,AL)N",9.6,0.0,84.115,84.0,118.0,2.88413,,2.0
UGT0301_212,Drilling Tool,Twist Drill 9.8 mm,"PVD (TI,AL)N",9.8,0.0,84.0,83.0,118.0,2.94422,,2.0
UGT0301_214,Drilling Tool,Twist Drill 10.1 mm,"PVD (TI,AL)N",10.1,0.0,83.965,82.0,118.0,3.03435,,2.0
UGT0301_215,Drilling Tool,Twist Drill 10.2 mm,"PVD (TI,AL)N",10.2,0.0,83.935,82.0,118.0,3.06439,,2.0
UGT0301_216,Drilling Tool,Twist Drill 10.3 mm,"PVD (TI,AL)N",10.3,0.0,83.905,82.0,118.0,3.09443,,2.0
UGT0301_217,Drilling Tool,Twist Drill 10.4 mm,"PVD (TI,AL)N",10.4,0.0,83.875,82.0,118.0,3.12447,,2.0
UGT0301_218,Drilling Tool,Twist Drill 10.6 mm,"PVD (TI,AL)N",10.6,0.0,86.05,86.0,118.0,3.18456,,2.0
UGT0301_219,Drilling Tool,Twist Drill 10.7 mm,"PVD (TI,AL)N",10.7,0.0,90.785,90.0,118.0,3.2146,,2.0
UGT0301_220,Drilling Tool,Twist Drill 10.8 mm,"PVD (TI,AL)N",10.8,0.0,92.823,92.0,118.0,3.24465,,2.0
UGT0301_221,Drilling Tool,Twist Drill 10.9 mm,"PVD (TI,AL)N",10.9,0.0,92.794,92.0,118.0,3.27469,,2.0
UGT0301_222,Drilling Tool,Twist Drill 11.1 mm,"PVD (TI,AL)N",11.1,0.0,92.2,92.0,118.0,3.33478,,2.0
UGT0301_223,Drilling Tool,Twist Drill 11.2 mm,"PVD (TI,AL)N",11.2,0.0,90.635,90.0,118.0,3.36482,,2.0
UGT0301_225,Drilling Tool,Twist Drill 11.4 mm,"PVD (TI,AL)N",11.4,0.0,92.112,92.0,118.0,3.42491,,2.0
UGT0301_226,Drilling Tool,Twist Drill 11.6 mm,"PVD (TI,AL)N",11.6,0.0,90.515,90.0,118.0,3.48499,,2.0
UGT0301_227,Drilling Tool,Twist Drill 11.7 mm,"PVD (TI,AL)N",11.7,0.0,90.484,90.0,118.0,3.51504,,2.0
UGT0301_228,Drilling Tool,Twist Drill 11.8 mm,"PVD (TI,AL)N",11.8,0.0,93.428,93.0,118.0,3.54508,,2.0
UGT0301_229,Drilling Tool,Twist Drill 11.9 mm,"PVD (TI,AL)N",11.9,0.0,100.191,100.0,118.0,3.57512,,2.0
UGT0301_230,Drilling Tool,Twist Drill 12.1 mm,"PVD (TI,AL)N",12.1,0.0,98.79,98.0,118.0,3.63521,,2.0
UGT0301_231,Drilling Tool,Twist Drill 12.2 mm,"PVD (TI,AL)N",12.2,0.0,97.334,97.0,118.0,3.66525,,2.0
UGT0301_232,Drilling Tool,Twist Drill 12.3 mm,"PVD (TI,AL)N",12.3,0.0,97.304,97.0,118.0,3.69529,,2.0
UGT0301_233,Drilling Tool,Twist Drill 12.4 mm,"PVD (TI,AL)N",12.4,0.0,98.707,98.0,118.0,3.72534,,2.0
UGT0301_236,Drilling Tool,Twist Drill 12.8 mm,"PVD (TI,AL)N",12.8,0.0,99.928,99.0,118.0,3.84551,,2.0
UGT0301_237,Drilling Tool,Twist Drill 12.9 mm,"PVD (TI,AL)N",12.9,0.0,97.124,97.0,118.0,3.87555,,2.0
UGT0301_240,Drilling Tool,Twist Drill 15.8 mm,"PVD (TI,AL)N",15.8,0.0,123.253,120.0,118.0,4.7468,,2.0
UGT0301_241,Drilling Tool,Twist Drill 15.9 mm,"PVD (TI,AL)N",15.9,0.0,124.357,120.0,118.0,4.77684,,2.0
UGT0301_242,Drilling Tool,Twist Drill 17.1 mm,"PVD (TI,AL)N",17.1,0.0,147.86,130.0,118.0,5.13736,,2.0
UGT0301_243,Drilling Tool,Twist Drill 17.2 mm,"PVD (TI,AL)N",17.2,0.0,147.83,130.0,118.0,5.1674,,2.0
UGT0301_244,Drilling Tool,Twist Drill 17.3 mm,"PVD (TI,AL)N",17.3,0.0,147.8,130.0,118.0,5.19744,,2.0
UGT0301_245,Drilling Tool,Twist Drill 17.4 mm,"PVD (TI,AL)N",17.4,0.0,147.77,130.0,118.0,5.22749,,2.0
UGT0301_246,Drilling Tool,Twist Drill 17.6 mm,"PVD (TI,AL)N",17.6,0.0,147.712,130.0,118.0,5.28757,,2.0
UGT0301_248,Drilling Tool,Twist Drill 17.8 mm,"PVD (TI,AL)N",17.8,0.0,147.65,130.0,118.0,5.34766,,2.0
UGT0301_249,Drilling Tool,Twist Drill 17.9 mm,"PVD (TI,AL)N",17.9,0.0,147.622,130.0,118.0,5.3777,,2.0
UGT0301_250,Drilling Tool,Twist Drill 18.1 mm,"PVD (TI,AL)N",18.1,0.0,152.562,135.0,118.0,5.43779,,2.0
UGT0301_251,Drilling Tool,Twist Drill 18.2 mm,"PVD (TI,AL)N",18.2,0.0,152.523,135.0,118.0,5.46783,,2.0
UGT0301_252,Drilling Tool,Twist Drill 18.3 mm,"PVD (TI,AL)N",18.3,0.0,152.502,135.0,118.0,5.49787,,2.0
UGT0301_253,Drilling Tool,Twist Drill 18.4 mm,"PVD (TI,AL)N",18.4,0.0,152.472,135.0,118.0,5.52792,,2.0
UGT0301_256,Drilling Tool,Twist Drill 18.8 mm,"PVD (TI,AL)N",18.8,0.0,152.351,135.0,118.0,5.64809,,2.0
UGT0301_257,Drilling Tool,Twist Drill 18.9 mm,"PVD (TI,AL)N",18.9,0.0,152.321,135.0,118.0,5.67813,,2.0
UGT0301_258,Drilling Tool,Twist Drill 19.1 mm,"PVD (TI,AL)N",19.1,0.0,157.261,140.0,118.0,5.73822,,2.0
UGT0301_259,Drilling Tool,Twist Drill 19.2 mm,"PVD (TI,AL)N",19.2,0.0,157.231,140.0,118.0,5.76826,,2.0
UGT0301_260,Drilling Tool,Twist Drill 19.3 mm,"PVD (TI,AL)N",19.3,0.0,157.201,140.0,118.0,5.79831,,2.0
UGT0301_261,Drilling Tool,Twist Drill 19.4 mm,"PVD (TI,AL)N",19.4,0.0,157.171,140.0,118.0,5.82835,,2.0
UGT0301_264,Drilling Tool,Twist Drill 19.8 mm,"PVD (TI,AL)N",19.8,0.0,157.051,140.0,118.0,5.94852,,2.0
UGT0301_265,Drilling Tool,Twist Drill 19.9 mm,"PVD (TI,AL)N",19.9,0.0,157.021,140.0,118.0,5.97856,,2.0
UGT0301_267,Drilling Tool,Twist Drill 13.3 mm,"PVD (TI,AL)N",13.3,0.0,123.0,108.0,118.0,3.99572,,2.0
UGT0301_268,Drilling Tool,Twist Drill 13.4 mm,"PVD (TI,AL)N",13.4,0.0,122.97,108.0,118.0,4.02577,,2.0
UGT0301_271,Drilling Tool,Twist Drill 13.8 mm,"PVD (TI,AL)N",13.8,0.0,122.854,108.0,118.0,4.14594,,2.0
UGT0301_272,Drilling Tool,Twist Drill 13.9 mm,"PVD (TI,AL)N",13.9,0.0,122.824,108.0,118.0,4.17598,,2.0
UGT0301_273,Drilling Tool,Twist Drill 14.1 mm,"PVD (TI,AL)N",14.1,0.0,145.763,114.0,118.0,4.23607,,2.0
UGT0301_275,Drilling Tool,Twist Drill 14.3 mm,"PVD (TI,AL)N",14.3,0.0,145.733,114.0,118.0,4.29615,,2.0
UGT0301_276,Drilling Tool,Twist Drill 14.4 mm,"PVD (TI,AL)N",14.4,0.0,145.673,114.0,118.0,4.3262,,2.0
UGT0301_279,Drilling Tool,Twist Drill 14.8 mm,"PVD (TI,AL)N",14.8,0.0,145.553,114.0,118.0,4.44637,,2.0
UGT0301_280,Drilling Tool,Twist Drill 14.9 mm,"PVD (TI,AL)N",14.9,0.0,145.523,114.0,118.0,4.47641,,2.0
UGT0301_281,Drilling Tool,Twist Drill 15.1 mm,"PVD (TI,AL)N",15.1,0.0,151.463,120.0,118.0,4.5365,,2.0
UGT0301_282,Drilling Tool,Twist Drill 15.2 mm,"PVD (TI,AL)N",15.2,0.0,151.433,120.0,118.0,4.56654,,2.0
UGT0301_283,Drilling Tool,Twist Drill 15.3 mm,"PVD (TI,AL)N",15.3,0.0,151.403,120.0,118.0,4.59658,,2.0
UGT0301_284,Drilling Tool,Twist Drill 15.4 mm,"PVD (TI,AL)N",15.4,0.0,151.373,120.0,118.0,4.62663,,2.0
UGT0301_285,Drilling Tool,Twist Drill 16.1 mm,"PVD (TI,AL)N",16.1,0.0,156.163,125.0,118.0,4.83693,,2.0
UGT0301_286,Drilling Tool,Twist Drill 16.2 mm,"PVD (TI,AL)N",16.2,0.0,156.133,125.0,118.0,4.86697,,2.0
UGT0301_287,Drilling Tool,Twist Drill 16.3 mm,"PVD (TI,AL)N",16.3,0.0,156.102,125.0,118.0,4.89701,,2.0
UGT0301_288,Drilling Tool,Twist Drill 16.4 mm,"PVD (TI,AL)N",16.4,0.0,156.072,125.0,118.0,4.92706,,2.0
UGT0301_291,Drilling Tool,Twist Drill 16.8 mm,"PVD (TI,AL)N",16.8,0.0,155.952,125.0,118.0,5.04723,,2.0
UGT0301_292,Drilling Tool,Twist Drill 16.9 mm,"PVD (TI,AL)N",16.9,0.0,155.922,120.0,118.0,5.07727,,2.0
UGT0301_352,Drilling Tool,Twist Drill 10.75 mm,"PVD (TI,AL)N",10.75,0.0,90.0,84.0,118.0,3.22963,,2.0
UGT0301_369,Drilling Tool,Twist Drill Flat Bottom 7.5 mm,"PVD (TI,AL)N",7.5,0.0,100.0,60.0,180.0,0.0,,2.0
UGT0301_373,Drilling Tool,Twist Drill Flat Bottom 12 mm,"PVD (TI,AL)N",12.0,0.0,120.0,101.0,180.0,0.0,,2.0
UGT0301_374,Drilling Tool,Twist Drill Flat Bottom 13 mm,"PVD (TI,AL)N",13.0,0.0,120.0,101.0,180.0,0.0,,2.0
UGT0301_375,Drilling Tool,Twist Drill Flat Bottom 15 mm,"PVD (TI,AL)N",15.0,0.0,143.0,120.0,180.0,0.0,,2.0
UGT0301_376,Drilling Tool,Twist Drill Flat Bottom 16.5 mm,"PVD (TI,AL)N",16.5,0.0,156.102,125.0,180.0,0.0,,2.0
UGT0301_377,Drilling Tool,Twist Drill Flat Bottom 19.5 mm,"PVD (TI,AL)N",19.5,0.0,163.0,140.0,180.0,0.0,,2.0
UGT0301_378,Drilling Tool,Twist Drill Flat Bottom 22.5 mm,"PVD (TI,AL)N",22.5,0.0,178.0,155.0,180.0,0.0,,2.0
UGT0301_379,Drilling Tool,Twist Drill Flat Bottom 25.5 mm,"PVD (TI,AL)N",25.5,0.0,184.26,165.0,180.0,0.0,,2.0
UGT0301_380,Drilling Tool,Twist Drill Flat Bottom 26.5 mm,"PVD (TI,AL)N",26.5,0.0,184.26,165.0,180.0,0.0,,2.0
UGT0301_381,Drilling Tool,Twist Drill Flat Bottom 30.5 mm,"PVD (TI,AL)N",30.5,0.0,200.97,175.0,180.0,0.0,,2.0
UGT0301_382,Drilling Tool,Twist Drill Flat Bottom 32.5 mm,"PVD (TI,AL)N",32.5,0.0,200.97,175.0,180.0,0.0,,2.0
UGT0301_383,Drilling Tool,Twist Drill Flat Bottom 33.5 mm,"PVD (TI,AL)N",33.5,0.0,200.97,175.0,180.0,0.0,,2.0
UGT0301_384,Drilling Tool,Twist Drill Flat Bottom 38.5 mm,"PVD (TI,AL)N",38.5,0.0,200.97,175.0,180.0,0.0,,2.0
UGT0301_386,Drilling Tool,Twist Drill 25.5 mm,"PVD (TI,AL)N",25.5,0.0,184.26,165.0,118.0,7.66097,,2.0
UGT0301_387,Drilling Tool,Twist Drill 26 mm,"PVD (TI,AL)N",26.0,0.0,184.26,165.0,118.0,7.81119,,2.0
UGT0301_388,Drilling Tool,Twist Drill 26.5 mm,"PVD (TI,AL)N",26.5,0.0,184.26,165.0,118.0,7.9614,,2.0
UGT0301_389,Drilling Tool,Twist Drill 27 mm,"PVD (TI,AL)N",27.0,0.0,184.26,165.0,118.0,8.11162,,2.0
UGT0301_390,Drilling Tool,Twist Drill 27.5 mm,"PVD (TI,AL)N",27.5,0.0,184.26,165.0,118.0,8.26183,,2.0
UGT0301_391,Drilling Tool,Twist Drill 28 mm,"PVD (TI,AL)N",28.0,0.0,184.26,165.0,118.0,8.41205,,2.0
UGT0301_392,Drilling Tool,Twist Drill 28.5 mm,"PVD (TI,AL)N",28.5,0.0,184.26,165.0,118.0,8.56226,,2.0
UGT0301_393,Drilling Tool,Twist Drill 29 mm,"PVD (TI,AL)N",29.0,0.0,184.26,165.0,118.0,8.71248,,2.0
UGT0301_394,Drilling Tool,Twist Drill 29.5 mm,"PVD (TI,AL)N",29.5,0.0,184.26,165.0,118.0,8.86269,,2.0
UGT0301_445,Drilling Tool,Carbide Drill 5.0 mm,"PVD (TI,AL)N",5.0,0.0,60.467,52.0,118.0,1.50215,,2.0
UGT0301_446,Drilling Tool,Carbide Drill 5.1 mm,"PVD (TI,AL)N",5.1,0.0,60.467,52.0,118.0,1.53219,,2.0
UGT0301_447,Drilling Tool,Carbide Drill 5.2 mm,"PVD (TI,AL)N",5.2,0.0,60.437,52.0,118.0,1.56224,,2.0
UGT0301_448,Drilling Tool,Carbide Drill 5.3 mm,"PVD (TI,AL)N",5.3,0.0,60.407,52.0,118.0,1.59228,,2.0
UGT0301_449,Drilling Tool,Carbide Drill 5.4 mm,"PVD (TI,AL)N",5.4,0.0,75.377,57.0,118.0,1.62232,,2.0
UGT0301_450,Drilling Tool,Carbide Drill 5.5 mm,"PVD (TI,AL)N",5.5,0.0,75.377,57.0,118.0,1.65237,,2.0
UGT0301_451,Drilling Tool,Carbide Drill 5.6 mm,"PVD (TI,AL)N",5.6,0.0,75.317,57.0,118.0,1.68241,,2.0
UGT0301_452,Drilling Tool,Carbide Drill 5.7 mm,"PVD (TI,AL)N",5.7,0.0,75.73,57.0,118.0,1.71245,,2.0
UGT0301_453,Drilling Tool,Carbide Drill 5.8 mm,"PVD (TI,AL)N",5.8,0.0,75.257,57.0,118.0,1.7425,,2.0
UGT0301_454,Drilling Tool,Carbide Drill 5.9 mm,"PVD (TI,AL)N",5.9,0.0,75.671,57.0,118.0,1.77254,,2.0
UGT0301_455,Drilling Tool,Carbide Drill 6.0 mm,"PVD (TI,AL)N",6.0,0.0,81.568,63.0,118.0,1.80258,,2.0
UGT0301_456,Drilling Tool,Carbide Drill 6.1 mm,"PVD (TI,AL)N",6.1,0.0,81.568,63.0,118.0,1.83262,,2.0
UGT0301_457,Drilling Tool,Carbide Drill 6.2 mm,"PVD (TI,AL)N",6.2,0.0,81.137,63.0,118.0,1.86267,,2.0
UGT0301_458,Drilling Tool,Carbide Drill 6.3 mm,"PVD (TI,AL)N",6.3,0.0,81.508,63.0,118.0,1.89271,,2.0
UGT0301_459,Drilling Tool,Carbide Drill 6.4 mm,"PVD (TI,AL)N",6.4,0.0,81.478,63.0,118.0,1.92275,,2.0
UGT0301_460,Drilling Tool,Carbide Drill 6.5 mm,"PVD (TI,AL)N",6.5,0.0,81.478,63.0,118.0,1.9528,,2.0
UGT0301_461,Drilling Tool,Carbide Drill 6.6 mm,"PVD (TI,AL)N",6.6,0.0,81.017,63.0,118.0,1.98284,,2.0
UGT0301_462,Drilling Tool,Carbide Drill 6.7 mm,"PVD (TI,AL)N",6.7,0.0,81.3,63.0,118.0,2.01288,,2.0
UGT0301_463,Drilling Tool,Carbide Drill 6.8 mm,"PVD (TI,AL)N",6.8,0.0,86.957,69.0,118.0,2.04293,,2.0
UGT0301_464,Drilling Tool,Carbide Drill 6.9 mm,"PVD (TI,AL)N",6.9,0.0,86.927,69.0,118.0,2.07297,,2.0
UGT0301_465,Drilling Tool,Carbide Drill 7.0 mm,"PVD (TI,AL)N",7.0,0.0,86.866,69.0,118.0,2.10301,,2.0
UGT0301_467,Drilling Tool,Carbide Drill 7.2 mm,"PVD (TI,AL)N",7.2,0.0,86.836,69.0,118.0,2.1631,,2.0
UGT0301_468,Drilling Tool,Carbide Drill 7.3 mm,"PVD (TI,AL)N",7.3,0.0,86.806,69.0,118.0,2.19314,,2.0
UGT0301_469,Drilling Tool,Carbide Drill 7.4 mm,"PVD (TI,AL)N",7.4,0.0,86.77,69.0,118.0,2.22318,,2.0
UGT0301_470,Drilling Tool,Carbide Drill 7.5 mm,"PVD (TI,AL)N",7.5,0.0,93.71,76.0,118.0,2.25323,,2.0
UGT0301_471,Drilling Tool,Carbide Drill 7.6 mm,"PVD (TI,AL)N",7.6,0.0,93.71,76.0,118.0,2.28327,,2.0
UGT0301_472,Drilling Tool,Carbide Drill 7.7 mm,"PVD (TI,AL)N",7.7,0.0,93.68,76.0,118.0,2.31331,,2.0
UGT0301_473,Drilling Tool,Carbide Drill 7.8 mm,"PVD (TI,AL)N",7.8,0.0,93.65,76.0,118.0,2.34336,,2.0
UGT0301_474,Drilling Tool,Carbide Drill 7.9 mm,"PVD (TI,AL)N",7.9,0.0,93.62,76.0,118.0,2.3734,,2.0
UGT0301_475,Drilling Tool,Carbide Drill 8.0 mm,"PVD (TI,AL)N",8.0,0.0,92.53,75.0,118.0,2.40344,,2.0
UGT0301_476,Drilling Tool,Carbide Drill 8.1 mm,"PVD (TI,AL)N",8.1,0.0,92.53,75.0,118.0,2.43349,,2.0
UGT0301_477,Drilling Tool,Carbide Drill 8.2 mm,"PVD (TI,AL)N",8.2,0.0,92.53,75.0,118.0,2.46353,,2.0
UGT0301_478,Drilling Tool,Carbide Drill 8.3 mm,"PVD (TI,AL)N",8.3,0.0,92.506,75.0,118.0,2.49357,,2.0
UGT0301_479,Drilling Tool,Carbide Drill 8.4 mm,"PVD (TI,AL)N",8.4,0.0,92.47,75.0,118.0,2.52361,,2.0
UGT0301_480,Drilling Tool,Carbide Drill 8.5 mm,"PVD (TI,AL)N",8.5,0.0,92.47,75.0,118.0,2.55366,,2.0
UGT0301_481,Drilling Tool,Carbide Drill 8.6 mm,"PVD (TI,AL)N",8.6,0.0,100.186,81.0,118.0,2.5837,,2.0
UGT0301_482,Drilling Tool,Carbide Drill 8.7 mm,"PVD (TI,AL)N",8.7,0.0,100.157,81.0,118.0,2.61374,,2.0
UGT0301_483,Drilling Tool,Carbide Drill 8.8 mm,"PVD (TI,AL)N",8.8,0.0,100.128,81.0,118.0,2.64379,,2.0
UGT0301_484,Drilling Tool,Carbide Drill 8.9 mm,"PVD (TI,AL)N",8.9,0.0,108.326,81.0,118.0,2.67383,,2.0
UGT0301_485,Drilling Tool,Carbide Drill 9.0 mm,"PVD (TI,AL)N",9.0,0.0,108.266,81.0,118.0,2.70387,,2.0
UGT0301_486,Drilling Tool,Carbide Drill 9.1 mm,"PVD (TI,AL)N",9.1,0.0,108.266,81.0,118.0,2.73392,,2.0
UGT0301_487,Drilling Tool,Carbide Drill 9.2 mm,"PVD (TI,AL)N",9.2,0.0,100.01,81.0,118.0,2.76396,,2.0
UGT0301_488,Drilling Tool,Carbide Drill 9.3 mm,"PVD (TI,AL)N",9.3,0.0,108.205,81.0,118.0,2.794,,2.0
UGT0301_489,Drilling Tool,Carbide Drill 9.4 mm,"PVD (TI,AL)N",9.4,0.0,108.175,81.0,118.0,2.82404,,2.0
UGT0301_490,Drilling Tool,Carbide Drill 9.5 mm,"PVD (TI,AL)N",9.5,0.0,108.175,81.0,118.0,2.85409,,2.0
UGT0301_491,Drilling Tool,Carbide Drill 9.6 mm,"PVD (TI,AL)N",9.6,0.0,100.115,87.0,118.0,2.88413,,2.0
UGT0301_492,Drilling Tool,Carbide Drill 9.7 mm,"PVD (TI,AL)N",9.7,0.0,100.643,87.0,118.0,2.91417,,2.0
UGT0301_493,Drilling Tool,Carbide Drill 9.8 mm,"PVD (TI,AL)N",9.8,0.0,100.0,87.0,118.0,2.94422,,2.0
UGT0301_494,Drilling Tool,Carbide Drill 9.9 mm,"PVD (TI,AL)N",9.9,0.0,100.586,87.0,118.0,2.97426,,2.0
UGT0301_495,Drilling Tool,Carbide Drill 10.0 mm,"PVD (TI,AL)N",10.0,0.0,150.965,90.5,118.0,3.0043,,2.0
UGT0301_496,Drilling Tool,Carbide Drill 10.1 mm,"PVD (TI,AL)N",10.1,0.0,100.965,87.0,118.0,3.03435,,2.0
UGT0301_497,Drilling Tool,Carbide Drill 10.2 mm,"PVD (TI,AL)N",10.2,0.0,100.935,87.0,118.0,3.06439,,2.0
UGT0301_498,Drilling Tool,Carbide Drill 10.3 mm,"PVD (TI,AL)N",10.3,0.0,100.905,87.0,118.0,3.09443,,2.0
UGT0301_499,Drilling Tool,Carbide Drill 10.4 mm,"PVD (TI,AL)N",10.4,0.0,100.875,87.0,118.0,3.12447,,2.0
UGT0301_500,Drilling Tool,Carbide Drill 10.5 mm,"PVD (TI,AL)N",10.5,0.0,110.05,87.0,118.0,3.15452,,2.0
UGT0301_501,Drilling Tool,Carbide Drill 10.6 mm,"PVD (TI,AL)N",10.6,0.0,110.05,87.0,118.0,3.18456,,2.0
UGT0301_502,Drilling Tool,Carbide Drill 10.7 mm,"PVD (TI,AL)N",10.7,0.0,110.785,94.0,118.0,3.2146,,2.0
UGT0301_503,Drilling Tool,Carbide Drill 10.8 mm,"PVD (TI,AL)N",10.8,0.0,110.823,94.0,118.0,3.24465,,2.0
UGT0301_504,Drilling Tool,Carbide Drill 10.9 mm,"PVD (TI,AL)N",10.9,0.0,120.794,94.0,118.0,3.27469,,2.0
UGT0301_505,Drilling Tool,Carbide Drill 11.0 mm,"PVD (TI,AL)N",11.0,0.0,120.2,94.0,118.0,3.30473,,2.0
UGT0301_506,Drilling Tool,Carbide Drill 11.1 mm,"PVD (TI,AL)N",11.1,0.0,120.2,94.0,118.0,3.33478,,2.0
UGT0301_507,Drilling Tool,Carbide Drill 11.2 mm,"PVD (TI,AL)N",11.2,0.0,120.635,94.0,118.0,3.36482,,2.0
UGT0301_508,Drilling Tool,Carbide Drill 11.3 mm,"PVD (TI,AL)N",11.3,0.0,120.482,94.0,118.0,3.39486,,2.0
UGT0301_509,Drilling Tool,Carbide Drill 11.4 mm,"PVD (TI,AL)N",11.4,0.0,120.112,94.0,118.0,3.42491,,2.0
UGT0301_510,Drilling Tool,Carbide Drill 11.5 mm,"PVD (TI,AL)N",11.5,0.0,120.112,94.0,118.0,3.45495,,2.0
UGT0301_511,Drilling Tool,Carbide Drill 11.6 mm,"PVD (TI,AL)N",11.6,0.0,120.515,94.0,118.0,3.48499,,2.0
UGT0301_512,Drilling Tool,Carbide Drill 11.7 mm,"PVD (TI,AL)N",11.7,0.0,120.484,94.0,118.0,3.51504,,2.0
UGT0301_513,Drilling Tool,Carbide Drill 11.8 mm,"PVD (TI,AL)N",11.8,0.0,120.428,94.0,118.0,3.54508,,2.0
UGT0301_514,Drilling Tool,Carbide Drill 11.9 mm,"PVD (TI,AL)N",11.9,0.0,130.191,101.0,118.0,3.57512,,2.0
UGT0301_515,Drilling Tool,Carbide Drill 12.0 mm,"PVD (TI,AL)N",12.0,0.0,130.79,101.0,118.0,3.60516,,2.0
UGT0301_516,Drilling Tool,Carbide Drill 12.1 mm,"PVD (TI,AL)N",12.1,0.0,130.79,101.0,118.0,3.63521,,2.0
UGT0301_518,Drilling Tool,Carbide Drill 12.3 mm,"PVD (TI,AL)N",12.3,0.0,130.304,101.0,118.0,3.69529,,2.0
UGT0301_519,Drilling Tool,Carbide Drill 12.4 mm,"PVD (TI,AL)N",12.4,0.0,130.707,101.0,118.0,3.72534,,2.0
UGT0301_522,Drilling Tool,Carbide Drill 12.7 mm,"PVD (TI,AL)N",12.7,0.0,130.137,101.0,118.0,3.81547,,2.0
UGT0302_001,Drilling Tool,Indexable Insert Drill 15mm,"PVD (TI,AL)N",15.0,0.0,100.0,50.0,180.0,0.0,,2.0
UGT0302_002,Drilling Tool,Indexable Insert Drill 23mm,"PVD (TI,AL)N",23.0,0.0,100.0,50.0,180.0,0.0,,2.0
UGT0302_003,Drilling Tool,Indexable Insert Drill 24mm,"PVD (TI,AL)N",24.0,0.0,100.0,50.0,180.0,0.0,,2.0
UGT0302_004,Drilling Tool,Indexable Insert Drill 25mm,"PVD (TI,AL)N",25.0,0.0,100.0,50.0,180.0,0.0,,2.0
UGT0302_005,Drilling Tool,Indexable Insert Drill 26mm,"PVD (TI,AL)N",26.0,0.0,100.0,50.0,180.0,0.0,,2.0
UGT0302_006,Drilling Tool,Indexable Insert Drill 27mm,"PVD (TI,AL)N",27.0,0.0,100.0,50.0,180.0,0.0,,2.0
UGT0302_007,Drilling Tool,Indexable Insert Drill 28mm,"PVD (TI,AL)N",28.0,0.0,100.0,50.0,180.0,0.0,,2.0
UGT0302_008,Drilling Tool,Indexable Insert Drill 29mm,"PVD (TI,AL)N",29.0,0.0,100.0,50.0,180.0,0.0,,2.0
UGT0302_009,Drilling Tool,Indexable Insert Drill 30mm,"PVD (TI,AL)N",30.0,0.0,100.0,50.0,180.0,0.0,,2.0
UGT0306_003,Drilling Tool,Spade Drill 12.5mm,"PVD (TI,AL)N",12.5,0.0,150.0,10.0,132.0,2.78268,,2.0
UGT0306_004,Drilling Tool,Spade Drill 13.5mm,"PVD (TI,AL)N",13.5,0.0,150.0,10.0,132.0,3.00529,,2.0
UGT0306_005,Drilling Tool,Spade Drill 14.5mm,"PVD (TI,AL)N",14.5,0.0,150.0,10.0,132.0,3.22791,,2.0
UGT0306_006,Drilling Tool,Spade Drill 15.5mm,"PVD (TI,AL)N",15.5,0.0,150.0,10.0,132.0,3.45052,,2.0
UGT0306_007,Drilling Tool,Spade Drill 16.5mm,"PVD (TI,AL)N",16.5,0.0,150.0,10.0,132.0,3.67314,,2.0
UGT0306_008,Drilling Tool,Spade Drill 17.5mm,"PVD (TI,AL)N",17.5,0.0,150.0,10.0,132.0,3.89575,,2.0
UGT0306_009,Drilling Tool,Spade Drill 18.5mm,"PVD (TI,AL)N",18.5,0.0,150.0,10.0,132.0,4.11836,,2.0
UGT0306_010,Drilling Tool,Spade Drill 19.5mm,"PVD (TI,AL)N",19.5,0.0,150.0,10.0,132.0,4.34098,,2.0
UGT0307_001,Drilling Tool,Gun Drill 5 mm,"PVD (TI,AL)N",5.0,0.0,500.0,24.0,130.0,1.16577,,1.0
UGT0307_002,Drilling Tool,Gun Drill 6 mm,"PVD (TI,AL)N",6.0,0.0,500.0,24.0,130.0,1.39892,,1.0
UGT0307_003,Drilling Tool,Gun Drill 7 mm,"PVD (TI,AL)N",7.0,0.0,500.0,24.0,130.0,1.63208,,1.0
UGT0307_004,Drilling Tool,Gun Drill 8 mm,"PVD (TI,AL)N",8.0,0.0,500.0,24.0,130.0,1.86523,,1.0
UGT0307_005,Drilling Tool,Gun Drill 8.3 mm,"PVD (TI,AL)N",8.3,0.0,500.0,24.0,130.0,1.93518,,1.0
UGT0307_006,Drilling Tool,Gun Drill 9 mm,"PVD (TI,AL)N",9.0,0.0,500.0,24.0,130.0,2.09838,,1.0
UGT0307_007,Drilling Tool,Gun Drill 10 mm,"PVD (TI,AL)N",10.0,0.0,500.0,24.0,130.0,2.33154,,1.0
UGT0307_008,Drilling Tool,Gun Drill 11 mm,"PVD (TI,AL)N",11.0,0.0,700.0,24.0,130.0,2.56469,,1.0
UGT0307_009,Drilling Tool,Gun Drill 12 mm,"PVD (TI,AL)N",12.0,0.0,700.0,24.0,130.0,2.79785,,1.0
UGT0307_010,Drilling Tool,Gun Drill 14 mm,"PVD (TI,AL)N",14.0,0.0,700.0,24.0,130.0,3.26415,,1.0
UGT0307_011,Drilling Tool,Gun Drill 14.3 mm,"PVD (TI,AL)N",14.3,0.0,700.0,24.0,130.0,3.3341,,1.0
UGT0307_012,Drilling Tool,Gun Drill 15 mm,"PVD (TI,AL)N",15.0,0.0,700.0,24.0,130.0,3.49731,,1.0
UGT0307_013,Drilling Tool,Gun Drill 16 mm,"PVD (TI,AL)N",16.0,0.0,700.0,24.0,130.0,3.73046,,1.0
UGT0307_014,Drilling Tool,Gun Drill 17.5 mm,"PVD (TI,AL)N",17.5,0.0,700.0,24.0,130.0,4.08019,,1.0
UGT0307_015,Drilling Tool,Gun Drill 20 mm,"PVD (TI,AL)N",20.0,0.0,800.0,30.0,130.0,4.66308,,1.0
UGT0307_016,Drilling Tool,Gun Drill 22 mm,"PVD (TI,AL)N",22.0,0.0,800.0,30.0,130.0,5.12938,,1.0
UGT0332_045,Boring Tool,Precision Boring 17.98 mm,"PVD (TI,AL)N",17.98,0.4,122.0,,,,,
UGT0332_050,Boring Tool,Precision Boring 27.98 mm,"PVD (TI,AL)N",27.98,0.4,122.0,,,,,
UGT0332_055,Boring Tool,Precision Boring 41.98 mm,"PVD (TI,AL)N",41.98,0.4,222.0,,,,,
UGT0332_064,Boring Tool,14 mm Boring Bar Slip Fit,"PVD (TI,AL)N",14.0,0.4,152.0,,,,,
UGT0332_065,Boring Tool,16 mm Boring Bar Slip Fit,"PVD (TI,AL)N",16.0,0.4,152.0,,,,,
UGT0332_066,Boring Tool,20 mm Boring Bar Slip Fit,"PVD (TI,AL)N",20.0,0.4,152.0,,,,,
UGT0332_067,Boring Tool,25 mm Boring Bar Slip Fit,"PVD (TI,AL)N",25.0,0.4,152.0,,,,,
UGT0332_069,Boring Tool,40 mm Boring Bar Slip Fit,"PVD (TI,AL)N",40.0,0.4,152.0,,,,,
UGT0332_070,Boring Tool,50 mm Boring Bar Slip Fit,"PVD (TI,AL)N",50.0,0.4,152.0,,,,,
UGT0332_073,Boring Tool,13.8 mm Rough Boring Bar,"PVD (TI,AL)N",13.8,0.2,152.0,,,,,
UGT0332_074,Boring Tool,15.8 mm Rough Boring Bar,"PVD (TI,AL)N",15.8,0.2,152.0,,,,,
UGT0332_075,Boring Tool,17.75 mm Rough Boring Bar,"PVD (TI,AL)N",17.75,0.4,152.0,,,,,
UGT0332_076,Boring Tool,19.75 mm Rough Boring Bar,"PVD (TI,AL)N",19.75,0.4,152.0,,,,,
